"","SOV","SOV_upCI","SOV_loCI","SOR","SOR_upCI","SOR_loCI","Centroid_dist","upCI_cdist","loCI_cdist","Pairwise_dist","upCI_mID","loCI_mID","CH_Area_intervals","upCI_CHA_intervals","loCI_CHA_intervals","Position","upCI","loCI"
"Interval 1",1.0943854390591,1.7713010285255,0.264334300238515,6.00209049191797,6.00209049191797,2.44754114042969,0.984946895153189,1.68763781756447,0.240977336315649,1.24799319110478,1.61132006566361,0.602552486383995,0.453168235262611,0.453168235262611,0.0639431319666238,4.19956700098152,4.42239033378208,3.98243001186123
"Interval 2",4.24470416276681,5.04947001585643,2.56793455013622,13.2630202875327,13.2630202875327,10.5854302131984,4.00888726483532,4.80772963666669,2.4153391226375,2.57846681304169,2.84905487034137,1.79927509737482,5.40399337960787,5.40399337960787,2.2049407572285,3.73854994289893,4.17289248078533,3.30146870249366
"Interval 3",5.25117993836844,6.54267645317795,4.04535225680023,23.2791125006356,23.2791125006356,21.405711532385,5.22641022167802,6.49825249134965,4.05017087931948,2.71928637908882,2.99367511214685,2.44536252026513,26.4879338486567,26.4879338486567,23.4588127268298,0.464631015424034,0.616307209002086,0.380421330873857
"Interval 4",5.06415192814572,5.51590453708927,4.56625043679633,20.4538831955254,20.4538831955254,18.8052451035592,5.04715812972913,5.49953036339128,4.52084543768876,2.81124757116593,2.93024658632184,2.6633968712659,27.5851376620712,27.577041123647,22.3935580505232,0.481688206086198,0.575406422580858,0.414070585368721
"Interval 5",4.53512751795508,4.92372541237274,4.11143193421027,18.0743949977801,18.0743949977801,17.0057959871818,4.52277022226583,4.90262704418691,4.10918244271491,2.67497523896001,2.7784169365641,2.55321736160599,20.7302721862368,20.7302721862368,19.4795232107793,0.740296962417577,0.902698391131508,0.592636022190515
"Interval 6",4.23717208886471,4.63283208277033,3.74837451908886,16.5911446353934,16.5911446353934,13.7959981839499,4.19899936734341,4.60662443908191,3.71547717681541,2.65124233977575,2.77597653231311,2.47554085725585,17.2414264599836,17.2414264599836,15.0113094428247,1.04390120018661,1.27334786778918,0.852022789352508
"Interval 7",3.65305171387017,3.8777593692965,3.41070714422532,17.7421097782983,17.7421097782983,15.4481274226249,3.64558126046757,3.86710120580023,3.41116752425873,2.44822720028897,2.5197161415703,2.36625445914273,20.9774795516982,20.8689496808017,18.9785045095991,0.327217558630287,0.432898035781813,0.24355582968083
