"","SOV","SOV_upCI","SOV_loCI","SOR","SOR_upCI","SOR_loCI","Centroid_dist","upCI_cdist","loCI_cdist","Pairwise_dist","upCI_mID","loCI_mID","CH_Area_intervals","upCI_CHA_intervals","loCI_CHA_intervals","Position","upCI","loCI"
"Interval 1",1.0943854390591,1.87595060558591,0.254337447360406,6.00209049191797,6.00209049191797,2.44754114042969,0.984946895153189,1.59646830311934,0.223846069519737,1.24799319110478,1.578962546282,0.589605243866914,0.453168235262611,0.453168235262611,0.0547337333199685,4.19956700098152,4.4128563867612,3.99123160125196
"Interval 2",4.24470416276681,5.05565666281763,2.55061189544246,13.2630202875327,13.2630202875327,10.6036014853089,4.00888726483532,4.76577084109424,2.46899045569619,2.57846681304169,2.81894870755416,1.81309975658464,5.40399337960787,5.40399337960787,2.06973225982856,3.73854994289893,4.16482213627483,3.33329574684272
"Interval 3",5.25117993836844,6.48625387745131,4.03844183674893,23.2791125006356,23.2791125006356,21.405711532385,5.22641022167802,6.55632397615614,4.03244700941386,2.71928637908882,2.99577258293647,2.43527165508919,26.4879338486567,26.4879338486567,23.4267477000709,0.464631015424034,0.610833753728875,0.393478269845543
"Interval 4",5.06415192814572,5.52063965523754,4.53382430183205,20.4538831955254,20.4538831955254,18.8523976132238,5.04715812972913,5.52406702383514,4.55321526642031,2.81124757116593,2.93076172986397,2.66766055885612,27.5851376620712,27.5726653723672,22.3883193117915,0.481688206086198,0.583390985663569,0.412777493470475
"Interval 5",4.53512751795508,4.93154502033479,4.1350419087341,18.0743949977801,18.0743949977801,17.0525700011617,4.52277022226583,4.92744531480195,4.11297983921972,2.67497523896001,2.78979589562192,2.54790697935074,20.7302721862368,20.7302721862368,19.4381143612421,0.740296962417577,0.907258710562838,0.588711225623534
"Interval 6",4.23717208886471,4.6642443921559,3.76147857354635,16.5911446353934,16.5911446353934,13.7405485314922,4.19899936734341,4.59752427189609,3.71629055267058,2.65124233977575,2.7758122036757,2.4646888893885,17.2414264599836,17.2414264599836,15.0612460437041,1.04390120018661,1.28500064085603,0.848788772647835
"Interval 7",3.65305171387017,3.86473032709523,3.41979957222528,17.7421097782983,17.7421097782983,15.4568226733571,3.64558126046757,3.88056550886807,3.40932612894662,2.44822720028897,2.52480109299438,2.36553832876237,20.9774795516982,20.9155067128479,18.9435687551755,0.327217558630287,0.441029290866806,0.247131316282525
